Refcode,Delta_strain_energy(kJ/mol),Rel_free_energy,Rugosity
XXIII-E-qha,0.7670923349108989,1.4,-0.208448911591802
XXIII-N18-qha,0.7337222300041049,2.2,-0.2429848333127366
XXIII-N31-qha,-3.498610024778145,2.1,-0.21087378949206195
XXIII-N39-qha,-4.308681795055122,4.3,-0.2751363209381552
XXIII-N42-qha,-3.5981164749149457,3.0,-0.18748901912338767
XXIII-N4-qha,0.4868727199885825,2.5,-0.1894836326729823
XXIII-N6-qha,5.051619529907612,1.5,-0.2010508186167091
XXIII-N70-qha,0.0,0.0,-0.24938843206089073
XXIII-N85-qha,-2.6568747250527167,4.1,-0.24122254770789645
